2329,2329,2329,2329,2329,0,0,0,0,0,0,255,0,0,0,0,0,0,0,255,5,6,254,0,0,0,0,0,0,0,0,0,0,0,0,0,0,0,0,0,0,0,0,0,0,0,0,9736,9989,9737,9737,9989,9738,0,0,5,0,255,0,996,0,0,0,0,0,0,0,0,0,0
2329,2329,2329,2329,0,0,0,0,0,0,0,0,0,0,0,0,0,0,997,1248,255,0,0,0,0,0,997,0,0,0,0,0,2078,0,0,0,0,0,0,0,0,0,0,0,0,0,9487,9490,9737,9989,9737,9737,9738,0,0,997,5,254,0,255,0,0,0,0,0,0,0,0,0,0
2329,2329,2329,0,0,0,0,0,0,0,0,0,0,0,0,0,997,5,997,6,0,2076,0,0,255,0,0,0,0,9477,9478,0,0,0,0,0,0,0,0,0,0,0,0,0,0,0,9736,9737,9737,9737,9989,9740,9987,0,0,0,254,5,255,1248,0,0,0,0,0,0,0,0,0,0
2329,2329,0,0,0,0,0,0,0,0,0,0,0,0,997,0,996,254,0,0,0,0,0,1248,6,0,0,0,0,0,0,0,0,0,0,0,0,0,0,0,0,0,0,0,0,0,9736,9989,9737,9737,9740,9987,0,0,0,0,5,0,6,255,0,0,0,0,0,0,0,0,0,0
0,0,0,0,0,0,0,0,0,0,0,0,1248,5,6,0,0,0,0,0,0,254,5,0,0,0,0,0,0,0,0,0,0,0,0,0,0,0,0,0,0,0,0,0,0,9487,9490,9737,9989,9737,9738,0,0,0,0,0,996,0,0,255,996,0,0,0,0,0,0,0,0,0
0,0,0,0,6,1248,0,0,0,0,0,997,254,6,0,0,0,0,0,255,997,0,0,0,0,0,0,0,0,0,0,0,0,0,0,997,0,0,0,0,0,0,0,0,0,9736,9737,9737,9737,9740,9987,0,0,0,0,0,254,255,0,5,254,0,0,2571,0,0,0,0,0,0
0,0,0,0,0,0,0,0,0,0,996,5,5,2076,0,0,0,0,0,996,0,0,0,0,0,1248,1248,6,0,0,0,0,9977,0,0,0,0,0,0,0,0,6,0,0,9487,9490,9737,9989,9740,9987,0,0,0,255,255,0,0,5,0,0,5,255,0,0,0,0,0,0,0,0
0,0,0,996,0,0,0,0,0,996,255,5,0,2573,0,996,254,254,0,0,0,0,0,0,0,0,0,254,0,9487,9488,9489,0,1248,997,1248,0,1248,0,0,996,0,0,9487,9490,9989,9737,9737,9738,0,0,0,255,1248,0,0,0,1248,997,0,0,6,0,997,0,0,0,0,0,0
0,0,6,0,0,0,0,0,997,996,6,0,0,0,0,0,0,0,0,0,0,0,0,0,0,6,255,6,0,9736,9737,9738,0,255,5,997,0,0,0,0,0,0,9487,9490,9737,9737,9737,9740,9987,0,997,1248,1248,0,0,0,0,6,6,0,0,254,5,254,996,0,0,0,0,0
0,0,997,0,0,0,0,6,255,1248,1248,5,0,0,0,0,0,0,0,0,0,0,0,0,0,254,0,5,0,9736,9737,9738,0,0,6,254,0,0,0,0,0,9487,9490,9737,9737,9737,9740,9987,0,0,1248,1248,1248,996,0,0,0,255,996,255,0,0,6,996,997,254,0,0,996,5
0,996,255,0,0,0,5,254,254,255,6,0,0,0,0,0,0,0,0,1248,0,1248,0,0,0,1248,254,0,9487,9490,9737,9491,9489,0,996,0,0,0,0,0,9487,9490,9737,9737,9737,9737,9738,0,0,254,997,0,0,1248,0,0,0,997,0,997,996,0,0,997,1248,5,0,0,0,254
0,0,0,0,0,0,6,255,1248,5,0,0,0,0,0,0,0,0,0,0,1248,0,0,0,0,0,9487,9488,9490,9737,9737,9737,9491,9488,9488,9488,9488,9488,9488,9488,9490,9737,9737,9737,9737,9740,9987,0,0,997,254,0,0,0,0,0,0,0,255,1248,255,0,0,0,5,6,254,255,997,6
0,0,0,0,0,5,5,1248,997,0,0,0,0,0,1248,10736,1248,0,1248,9487,9488,9488,9488,9488,9488,9488,9490,9737,9737,9740,9986,9739,9737,9737,9737,9737,9737,9737,9737,9737,9740,9739,9737,9737,9737,9738,0,0,997,254,0,996,6,6,0,0,0,0,255,6,254,254,6,0,0,255,0,255,996,5
0,0,0,0,997,5,996,1248,0,0,0,0,0,1248,0,9487,9488,9488,9488,9490,9737,9737,9737,9737,9737,9737,9737,9737,9737,9738,0,9736,9737,9737,9737,9737,9737,9737,9737,9737,9738,9985,9739,9737,9740,9987,5,6,6,0,5,6,997,0,0,0,0,0,0,997,1248,5,5,5,0,0,255,6,6,0
0,997,255,997,997,5,254,0,0,0,0,0,501,0,9487,9490,9737,9737,9737,9737,9737,9737,9989,9737,9737,9737,9737,9737,9737,9491,9488,9490,9737,9737,9737,9737,9737,9737,9737,9737,9491,9488,9490,9737,9738,0,0,0,0,0,0,255,0,0,0,0,0,0,0,0,996,254,6,254,1248,0,5,254,254,6
254,996,996,996,6,5,0,0,1248,0,0,0,1248,9487,9490,9737,9737,9737,9737,9737,9737,9740,9986,9986,9986,9986,9986,9986,9986,9986,9986,9986,9986,9986,9986,9986,9986,9739,9737,9737,9737,9737,9737,9737,9738,0,0,1248,996,255,996,6,0,997,0,0,0,0,0,0,0,5,1248,996,255,6,0,255,0,0
996,6,997,997,255,0,0,0,0,0,1245,0,9487,9490,9740,9739,9737,9737,9737,9740,9986,9987,0,0,0,0,0,0,0,0,0,0,0,0,0,0,0,9985,9986,9739,9737,9737,9737,9737,9491,9489,0,255,0,0,0,6,5,0,0,0,0,0,0,0,0,0,5,255,997,996,5,0,255,0
255,996,997,997,0,2573,0,0,0,0,1248,0,9736,9740,9987,9736,9737,9740,9986,9987,0,0,0,0,0,0,0,0,0,0,0,0,0,0,0,0,0,0,0,9985,9986,9739,9737,9737,9737,9738,6,254,996,0,0,0,254,0,0,0,0,0,0,0,0,0,0,0,255,254,5,255,254,997
996,996,255,0,0,0,0,0,0,0,0,9487,9490,9491,9488,9490,9740,9987,0,0,0,0,0,0,0,0,0,0,0,0,0,0,0,0,0,0,0,0,0,0,0,9985,9739,9737,9737,9738,0,0,997,996,0,0,997,0,0,0,0,0,0,0,0,0,0,0,0,5,5,0,0,996
0,0,0,0,0,0,0,0,0,997,1248,9736,9737,9737,9737,9740,9987,0,0,0,0,0,0,0,0,0,0,0,0,0,0,0,0,0,0,0,0,0,0,0,0,0,9736,9737,9737,9738,0,0,255,5,0,0,0,0,0,0,0,0,0,0,0,0,0,0,0,0,0,6,0,0
0,0,0,0,0,0,0,0,0,0,9487,9490,9737,9737,9740,9987,0,0,0,0,0,0,0,0,0,0,0,0,0,0,0,0,0,0,0,0,0,0,0,0,0,0,9736,9737,9737,9738,0,5,0,997,254,255,0,0,0,0,0,0,997,0,0,0,0,0,0,0,0,0,0,0
0,0,0,0,0,0,0,0,0,1248,9736,9737,9989,9740,9987,0,0,749,0,0,0,0,0,0,0,0,0,0,0,0,0,0,0,0,0,0,0,0,0,0,0,0,9736,9737,9737,9491,9489,0,0,0,0,255,5,0,997,0,0,997,1248,0,0,0,0,0,0,0,0,0,0,0
0,0,0,0,0,0,0,0,1248,997,9736,9737,9737,9738,0,996,0,0,1245,0,0,0,0,0,0,0,0,0,0,0,0,0,0,0,0,0,0,0,0,0,0,9487,9490,9737,9737,9737,9738,0,0,254,1248,0,0,0,6,0,0,0,0,0,996,997,0,0,0,0,0,0,0,0
0,0,0,0,0,0,0,0,0,0,9736,9737,9737,9738,0,1248,0,1248,0,1248,501,0,0,0,0,0,0,0,0,0,0,0,0,0,0,0,0,0,0,0,0,9736,9737,9737,9737,9737,9738,0,997,997,0,997,996,0,996,0,0,0,0,0,0,5,5,0,0,0,0,0,0,0
0,0,0,0,0,0,0,0,5,9487,9490,9737,9740,9987,0,0,0,996,996,0,997,0,0,0,9736,9737,9738,0,0,0,0,0,0,0,0,0,0,0,0,0,9487,9490,9737,9737,9737,9737,9738,0,0,6,1245,0,0,0,0,0,6,255,1248,0,0,0,6,0,0,0,0,0,0,0
0,0,0,0,0,0,0,0,0,9736,9737,9737,9738,0,0,0,0,0,0,1248,6,5,0,9487,9490,9737,9491,9488,9488,9488,9488,9488,9488,9488,9488,9488,9488,9488,9488,9488,9490,9737,9740,9986,9986,9739,9491,9489,0,0,6,0,0,0,997,996,0,0,997,5,0,0,254,0,996,6,0,0,0,0
0,255,0,0,0,0,0,0,0,9736,9737,9737,9738,0,0,0,0,0,0,997,0,0,0,9736,9737,9989,9737,9737,9737,9737,9737,9737,9737,9737,9737,9737,9737,9737,9737,9737,9737,9737,9738,0,9487,9490,9737,9738,501,0,997,0,0,0,0,0,0,0,0,0,0,0,255,0,0,254,255,0,0,0
0,747,0,0,0,0,0,0,997,9736,9737,9737,9738,0,255,0,0,0,0,0,255,0,9487,9490,9737,9737,9737,9989,9737,9737,9737,9737,9737,9737,9737,9737,9737,9737,9737,9737,9737,9737,9491,9488,9490,9737,9737,9738,0,0,996,0,0,0,0,0,0,0,0,0,0,0,0,0,0,5,5,0,0,997
0,997,0,0,0,0,0,0,0,9736,9737,9737,9738,0,0,0,0,0,0,0,0,0,9736,9737,9737,9737,9737,9737,9737,9740,9986,9986,9986,9986,9986,9986,9986,9986,9986,9986,9986,9739,9737,9737,9737,9737,9737,9738,0,1245,749,0,0,6,0,0,0,0,0,0,0,0,0,0,0,1248,996,997,1248,255
0,997,499,0,0,0,0,1245,0,9736,9737,9737,9738,0,0,0,0,0,0,0,0,0,9736,9737,9737,9737,9740,9986,9986,9987,0,0,0,0,0,0,0,0,0,0,0,9985,9986,9739,9737,9737,9737,9491,9489,0,0,0,0,0,0,0,6,5,0,0,0,0,0,0,997,255,1248,6,996,0
0,996,254,0,0,0,0,0,0,9736,9737,9737,9738,5,0,0,0,0,0,0,0,0,9736,9737,9737,9740,9987,0,0,0,0,0,0,0,0,0,0,0,254,997,0,0,0,9985,9739,9737,9737,9737,9738,0,5,0,0,0,0,0,0,0,0,0,0,0,0,0,0,0,0,0,996,0
0,5,499,6,0,0,0,0,0,9736,9737,9737,9738,0,0,0,997,255,0,0,0,0,9736,9737,9737,9738,0,0,0,0,0,0,0,0,0,255,255,0,997,254,254,0,0,0,9736,9737,9737,9737,9738,0,0,0,0,0,0,0,0,0,0,0,0,0,0,0,0,0,0,0,0,254
0,499,997,499,0,0,0,0,0,9736,9737,9737,9738,0,996,0,0,0,0,0,0,0,9736,9737,9737,9738,0,0,0,0,6,997,0,0,996,1248,5,0,0,5,255,0,0,0,9736,9737,9737,9737,9738,0,0,0,0,0,0,0,0,0,0,0,0,0,0,0,0,255,997,6,0,255
0,0,255,5,0,0,0,0,1245,9736,9989,9737,9738,0,0,0,0,0,0,997,0,0,9736,9737,9737,9738,0,0,0,0,997,0,6,0,0,5,255,6,0,0,6,0,0,0,9985,9739,9737,9737,9738,0,996,0,0,0,0,0,0,0,0,0,0,0,0,0,0,0,0,0,0,0
5,0,498,5,747,0,0,750,0,9736,9737,9737,9738,0,255,254,0,0,0,0,0,0,9736,9737,9737,9738,0,0,0,0,997,6,997,0,0,996,0,997,1248,996,996,996,0,0,0,9736,9737,9737,9738,0,0,0,0,0,0,0,0,0,0,0,0,0,0,0,0,0,0,0,0,0
997,0,498,0,6,0,0,0,0,9736,9737,9737,9738,0,0,0,255,0,0,0,1248,0,9736,9737,9737,9738,0,0,0,0,0,997,0,0,0,0,996,0,254,0,1248,0,0,0,0,9736,9737,9737,9738,0,0,0,0,0,0,0,0,0,0,0,0,0,0,0,0,0,0,0,0,0
6,0,254,0,5,255,0,0,0,9736,9737,9737,9738,0,0,0,0,254,0,0,1248,0,9736,9989,9737,9738,0,0,0,254,1248,997,0,0,254,0,0,254,1248,254,6,0,0,0,0,9736,9737,10484,9738,0,0,0,0,0,0,0,0,0,0,0,0,0,0,0,0,0,0,0,0,0
255,0,498,6,0,255,0,0,0,9736,9737,9737,9737,9489,0,0,0,255,0,0,0,0,9736,9737,9737,9738,0,0,0,0,0,255,254,0,255,255,0,255,0,996,6,0,0,0,0,9736,9737,10484,9738,0,0,0,0,10736,0,0,0,0,0,0,0,0,0,0,0,0,0,0,0,0
996,0,254,996,0,6,997,0,0,9736,9737,9737,9737,9738,0,0,0,0,0,0,6,0,9736,9737,9737,9738,0,0,0,0,996,0,0,1248,254,996,6,5,0,0,0,0,0,0,0,9736,9737,10484,9491,9489,0,0,10234,10236,10736,0,0,0,0,0,0,0,0,0,0,0,0,0,0,0
255,0,0,5,0,0,5,0,0,9736,9737,9737,9737,9738,0,0,10736,0,255,0,0,0,9736,9737,9737,9738,749,0,0,0,254,6,0,996,254,997,996,255,0,0,0,0,0,6,9487,9490,9737,10484,9737,9738,0,0,10732,10734,1248,997,0,0,0,0,0,0,0,0,0,0,0,0,0,0
6,0,0,747,254,0,498,254,0,9985,9739,9737,9737,9491,9489,10736,0,0,6,254,6,9487,9490,9737,9737,9491,9489,0,0,0,0,5,0,254,0,996,0,0,0,0,0,0,0,0,9736,9737,9737,9989,9737,9738,0,9487,9488,9489,255,254,0,0,0,0,0,0,5,0,0,254,0,0,0,0
254,0,0,996,997,0,0,254,0,0,9736,9737,9737,9989,9491,9489,0,0,5,0,0,9736,9737,9737,9737,9737,9491,9489,501,0,0,996,0,996,0,1248,997,996,0,0,10736,0,997,9487,9490,9737,9737,9737,10484,9491,9489,9736,9737,9738,0,1248,0,0,0,0,0,747,254,0,0,499,0,0,0,0
6,0,747,0,6,996,0,0,5,0,9985,9739,9737,9737,9737,9491,9488,9489,0,0,9487,9490,9737,9740,9986,9739,9737,9491,9488,9489,0,0,255,0,255,5,254,996,1248,997,0,10736,9487,9490,9737,9737,9737,9737,9737,9737,9491,9490,9740,9987,0,996,0,0,0,0,0,997,0,0,0,747,0,0,0,0
0,0,498,499,0,499,254,0,5,997,0,9736,9737,9737,9989,9737,9737,9491,9488,9488,9490,9737,9737,9491,9488,9490,9737,9737,9737,9491,9488,9488,9488,9488,9488,9488,9488,9488,9488,9488,9488,9488,9490,9737,9737,9737,10487,10733,10486,9737,9737,9740,9987,0,0,1248,0,0,0,0,0,254,0,0,0,6,0,0,0,0
5,499,747,255,0,6,997,0,0,997,255,9985,9986,9739,9737,9737,9737,9737,9737,9737,9737,9737,9737,9737,9737,9737,9737,9989,9737,9737,9737,9737,9737,9737,9737,9737,9737,9737,9737,9737,9737,9737,9737,9737,9737,9989,10485,0,10483,9737,9737,9738,0,0,0,6,0,0,0,0,997,997,0,0,0,6,0,0,0,0
5,498,0,996,0,0,5,255,0,0,254,0,0,9985,9986,9739,9737,9737,9737,9737,9737,9740,9986,9986,9986,9986,9739,9737,9737,9737,9737,9737,9737,9737,9737,9737,9737,9737,9737,9737,9737,9737,9737,9737,9737,9737,10238,10235,10237,9737,9737,9491,9489,0,0,0,0,0,0,0,498,0,0,0,0,255,0,0,0,0
5,5,997,0,6,0,0,5,747,0,0,5,0,0,0,9985,9986,9986,9986,9986,9986,9987,0,0,0,0,9985,9986,9986,9986,9986,9986,9986,9986,9986,9986,9986,9986,9986,9986,9986,9986,9986,9986,9739,9737,9737,9737,9737,9737,9737,9737,9738,0,0,0,0,0,0,6,499,0,0,0,0,0,747,0,0,0
0,997,499,6,255,499,997,0,254,498,255,255,0,0,0,0,0,0,0,0,0,0,0,3247,0,0,0,0,0,0,0,0,0,0,0,0,0,0,0,0,0,0,0,0,9985,9986,9739,9737,9737,9989,9737,9737,9491,9489,0,0,0,0,0,6,997,997,0,0,0,0,254,0,0,0
0,997,0,6,498,996,6,255,997,0,498,996,498,6,6,0,0,0,0,0,5,499,498,6,997,0,0,0,0,0,0,0,0,0,0,0,0,0,0,0,0,0,0,0,0,0,9985,9739,9737,9737,9737,9737,9737,9738,0,0,0,0,0,254,498,0,0,0,0,0,0,255,0,0
0,5,0,0,5,498,6,254,0,0,0,0,5,499,996,0,0,0,0,997,997,997,254,6,997,254,254,996,0,0,0,0,0,0,0,0,0,254,0,0,0,0,0,0,0,0,0,9736,9737,9737,9737,9737,9737,9738,0,0,0,0,0,6,254,6,0,0,0,0,0,255,499,0
