0,255,996,1249,996,6,6,996,1248,1248,255,1248,5,997,254,1248,0,996,254,6,254,996,0,997,0,255,254,997,1248,1248,1248,255,997,0,0,5,1248,255,1249,1248,997,5,5,6,5,6,5,6,5,6,5,6,5,6,5,6,5,6,5,6,5,6
255,5,1249,500,0,6,255,996,0,1249,3247,996,1249,254,254,1248,5,0,997,997,1248,1248,996,6,997,3247,2998,255,0,254,255,997,1249,255,255,1249,254,6,255,3247,997,6,254,255,254,255,254,255,254,255,254,255,3247,255,254,255,254,255,254,255,254,255
6,3247,1249,997,996,5,1249,6,0,255,996,255,5,5,997,6,6,996,254,0,997,255,1248,997,996,997,3247,1248,254,254,1248,1249,1249,1248,5,1249,1248,3247,6,1249,5,3247,5,6,5,3247,5,6,5,6,5,6,5,6,5,6,3247,6,5,6,5,6
255,5,1248,996,5,996,3247,254,255,6,1248,3247,255,6,996,5,996,255,255,996,1249,255,1248,254,5,3247,6,996,6,254,997,1249,254,1249,6,997,5,996,254,254,997,255,254,255,254,255,254,255,254,3247,254,255,254,255,254,255,254,255,254,255,254,255
997,1249,1249,0,1249,6,5,6,997,255,997,1249,3247,6,6,255,996,997,255,254,255,255,1248,997,997,996,3247,996,3247,997,254,255,2998,996,254,6,996,0,3247,1248,1249,1249,5,6,5,6,5,6,5,6,5,6,5,6,5,6,5,6,3247,6,5,6
5,0,996,3247,0,5,5,254,996,3247,997,996,1248,254,3247,5,997,255,5,6,0,255,0,1248,0,1248,0,0,1249,996,1248,5,3247,5,997,3247,1248,996,997,0,3247,255,254,255,4237,255,254,3247,254,255,254,255,254,255,3247,255,254,255,254,255,254,255
6,254,996,1248,996,6,1248,3247,0,1249,996,254,1249,1248,997,5,3247,997,3247,996,996,5,997,5,6,5,997,5,996,3247,1248,3247,997,5,255,255,255,1248,255,254,6,255,5,6,5,6,5,6,5,6,5,3247,5,6,5,6,5,6,5,6,5,6
1249,0,0,1249,6,1249,254,1249,255,997,1249,3247,997,254,996,5,997,5,6,255,1249,1248,255,997,0,255,1248,0,5,997,997,254,3247,996,996,0,1249,3247,1248,3247,0,0,254,255,254,255,254,255,3247,255,254,255,254,255,254,255,254,255,254,255,254,255
255,3247,6,255,1248,3247,6,5,6,996,254,5,255,6,3247,6,1249,254,255,3247,1249,1249,1249,996,6,0,1248,1249,254,5,997,255,1248,255,3247,6,254,6,254,254,6,996,5,6,5,6,5,6,5,6,3247,6,5,6,5,6,3247,6,5,6,5,6
0,997,255,1248,0,0,5,1248,1248,1248,255,996,3247,996,996,5,5,3247,0,1249,255,6,0,255,254,6,5,1249,255,5,5,996,1249,254,1248,1248,1248,5,3247,997,997,3247,254,255,255,3247,255,3247,6,5,254,5,254,255,3247,255,254,255,254,255,254,255
1249,255,6,997,997,254,1249,1248,997,3247,6,254,996,5,254,3247,997,996,997,5,3247,6,5,1248,997,997,5,6,1249,1248,1248,5,254,1249,1249,3247,254,5,997,255,5,254,5,3247,5,6,5,6,5,3247,5,3247,255,6,5,6,5,6,5,6,5,6
996,254,255,3247,6,5,254,3247,1249,997,0,996,997,1249,0,1249,1248,1248,255,1248,997,5,0,1249,1249,997,1248,500,254,255,6,996,6,996,997,996,6,3247,1248,5,3247,0,254,255,254,255,254,255,254,255,254,255,5,5,254,255,4237,255,254,255,254,255
6,996,0,997,5,1249,254,255,255,0,254,3247,1248,5,1249,0,0,5,3247,0,3247,5,1248,0,1248,1249,997,1249,254,0,0,5,0,996,0,996,1248,997,997,997,254,254,748,255,255,255,255,255,5,6,5,6,5,3247,5,6,5,6,5,6,3247,6
997,3247,996,0,254,3247,1248,1248,254,255,6,6,0,5,3247,254,0,6,6,254,1248,5,0,255,1248,6,0,996,255,6,5,997,996,0,0,255,5,1248,996,254,996,749,255,255,5,6,5,255,255,255,254,255,254,255,254,6,254,255,254,255,254,255
1249,997,255,997,6,6,5,1248,5,0,254,1248,254,5,255,996,1249,1249,254,996,5,3247,6,0,1248,255,6,1249,1248,1249,997,255,1249,1249,996,1249,997,0,6,255,1249,996,254,255,254,255,254,255,254,255,255,6,5,6,3247,6,5,6,5,6,5,6
255,996,0,3247,996,255,6,0,3247,6,254,1249,1249,6,1249,0,996,3247,1248,0,6,1248,255,5,1249,5,1248,255,6,255,997,1248,996,5,5,997,5,997,254,996,254,5,5,750,5,6,5,6,5,6,255,255,254,255,254,3247,255,255,254,255,254,255
6,254,997,997,0,5,255,5,5,0,997,1249,255,997,3247,996,0,997,255,996,996,3247,255,254,997,996,255,1249,997,997,997,1249,5,255,254,1248,1248,997,1249,254,1249,255,254,255,254,255,254,255,254,255,254,255,5,6,5,6,6,6,5,6,5,6
1249,5,997,254,1248,0,3247,254,996,997,1248,3247,997,255,1248,6,6,6,254,997,996,997,1249,1249,996,997,254,5,1249,6,255,5,1248,5,1248,5,1249,255,0,3247,1248,1249,5,6,5,3247,5,6,5,6,5,255,255,255,254,255,3247,5,254,255,4237,255
997,3247,5,6,0,997,6,254,6,1249,1248,1249,997,1249,0,5,3247,997,996,996,0,3247,997,255,5,1248,1249,1248,997,996,254,254,1248,255,0,6,5,0,1248,0,996,3247,254,3247,254,255,254,3247,254,255,254,255,255,6,5,6,5,255,5,6,5,6
255,1249,255,255,1249,255,997,996,5,0,255,255,255,1248,6,1248,6,1248,3247,0,3247,997,254,996,1248,254,1248,255,996,996,1248,5,5,5,6,254,6,996,3247,996,1249,6,5,6,5,6,3247,6,3247,6,5,749,255,255,254,255,254,3247,254,255,254,255
5,255,0,3247,0,0,6,1249,3247,1249,3247,255,3247,6,0,1249,255,996,1248,5,6,0,997,996,1249,996,6,254,1248,996,0,1248,996,997,1249,997,1249,6,255,255,254,255,254,255,254,255,254,255,254,255,254,255,255,6,1245,6,5,255,5,3247,5,6
254,255,1249,254,996,255,3247,996,5,1248,748,255,6,5,3247,0,997,996,996,0,3247,1248,0,1249,255,6,255,255,0,1248,255,5,6,5,6,5,997,3247,255,3247,5,997,5,6,5,3247,5,6,5,3247,5,6,748,6,254,255,254,3247,254,255,254,255
996,996,1249,997,3247,1249,6,0,1497,254,5,1248,1249,6,997,254,3247,996,1248,1248,1248,1248,1249,997,1248,0,255,1248,996,255,0,1248,6,996,6,255,0,255,0,5,255,6,254,3247,254,255,254,255,254,255,254,255,255,6,5,6,5,5,5,6,5,6
1249,254,5,3247,1249,0,5,0,0,3612,3612,3612,997,6,254,1497,1248,997,6,1249,3247,254,255,254,6,254,1248,254,254,1248,255,6,5,254,1249,1249,3247,6,255,5,0,3247,5,6,5,6,5,6,5,6,3247,255,255,255,6,255,1245,6,3247,255,254,3247
0,997,5,255,997,996,5,0,5,1248,254,3612,3612,1249,0,0,1249,3247,255,3247,997,6,0,997,6,1248,1249,0,255,996,255,1248,0,997,254,6,0,0,5,3247,1249,254,254,255,254,255,254,255,3247,255,254,1245,5,6,5,6,255,6,5,6,5,6
254,1248,3247,996,255,997,6,3860,3360,3612,3612,3612,3612,3612,5,0,997,996,996,997,0,997,254,1249,1249,997,6,0,254,1249,6,1248,1248,254,3247,1249,5,3247,997,5,254,1249,5,6,5,6,5,6,5,6,255,255,254,6,254,255,254,6,3247,255,254,255
5,1249,254,1249,255,254,996,996,1248,5,3612,3612,3612,3612,0,996,997,997,996,5,255,1249,6,996,996,1249,997,255,1248,255,1249,6,996,1248,6,255,0,1249,997,1249,3247,0,254,255,254,255,254,3247,254,255,5,6,5,6,5,6,5,5,254,3247,6,6
5,3247,997,1248,0,5,255,997,257,257,9,3612,3612,3612,1248,10,5,5,997,0,255,0,255,6,5,501,255,0,6,0,6,255,1248,0,3247,254,3247,1248,6,5,1249,997,5,6,5,3247,5,6,255,255,254,255,254,255,254,255,254,255,6,5,3247,255
996,254,5,997,1248,1248,996,0,257,257,11,255,6,254,1248,254,1498,254,1248,5,254,255,254,996,997,255,0,255,1248,1248,254,996,6,5,6,3247,997,5,3247,996,3247,0,254,3247,254,255,255,255,255,6,5,6,5,6,4237,6,5,6,5,6,5,254
3247,1249,1497,997,3612,3612,6,1249,255,996,255,996,997,0,5,6,254,997,6,254,0,997,997,5,254,6,1249,254,1248,996,5,6,500,254,5,0,255,1249,5,5,254,5,255,255,255,255,255,255,254,255,254,255,3247,255,254,255,254,255,254,255,10209,10210
254,0,254,996,3612,3612,3612,1249,255,1249,255,1249,6,1249,6,1497,996,1248,255,6,1249,1249,255,1248,1248,6,1248,997,996,1248,997,254,1248,0,254,5,254,255,255,255,6,6,5,6,5,6,5,6,5,3247,5,6,5,6,5,6,3247,6,10209,10210,10212,10459
3247,5,255,5,3612,3612,5,0,6,996,3612,997,1248,255,5,6,1249,1497,500,5,996,255,6,255,1248,1249,6,1248,6,997,254,996,255,1248,996,1248,5,255,255,5,255,255,254,255,254,255,254,255,254,255,254,3247,254,255,254,255,254,10209,10212,10459,10459,10710
0,255,5,0,5,3612,3612,3612,3612,3612,3612,0,1248,0,254,1249,1248,5,996,1249,5,996,255,0,0,996,1249,996,997,997,6,996,254,6,5,1248,254,1248,254,254,5,255,255,255,5,6,5,6,3247,6,5,6,5,4237,5,6,5,10707,10708,10461,10710,10459
255,3247,254,0,996,5,1248,3612,3612,3612,3612,6,0,6,1248,997,0,255,996,6,1249,0,1249,254,255,255,254,255,255,250,996,0,1248,996,1249,5,254,1248,5,6,254,254,5,255,255,255,254,255,254,255,3247,255,254,255,254,255,254,255,254,10707,10708,10708
5,5,6,255,996,257,5,0,997,6,996,255,254,0,3247,1249,255,1248,5,254,1249,1249,1249,997,1249,255,5,997,5,6,997,997,1248,997,996,254,996,254,255,0,1248,1249,254,255,255,255,5,6,5,6,5,6,5,6,5,6,5,6,5,6,5,6
5,1249,255,997,996,997,506,506,506,506,506,0,1249,997,5,3247,5,0,255,254,6,996,997,254,997,254,996,997,254,997,1248,254,5,255,0,997,997,0,255,1248,254,3247,5,6,5,255,255,255,254,255,254,255,254,255,254,255,254,5,5,5,254,255
1249,3247,0,1249,1249,1248,3247,254,3247,996,996,996,6,997,0,0,1248,1248,997,255,6,997,0,6,255,6,997,255,996,255,255,255,255,1249,996,997,3247,0,997,997,5,6,254,3247,254,255,255,255,5,6,5,6,5,6,255,255,255,254,254,254,254,255
1248,997,255,6,996,0,1248,6,5,254,254,5,3247,255,996,3247,6,5,1248,6,996,996,0,996,6,1248,997,6,255,5,0,1248,1249,3247,0,255,996,5,5,255,1249,997,5,6,5,6,5,6,255,255,255,255,255,255,255,6,5,6,5,6,5,6
255,997,254,3247,1248,255,255,3247,254,997,0,1249,996,1249,255,254,997,254,6,996,996,6,1248,5,997,996,997,6,1249,1248,5,996,997,996,3247,1249,254,1248,996,0,3247,5,254,255,3247,255,254,255,254,255,254,255,254,255,254,255,254,3247,254,3247,254,255
6,6,0,997,0,3247,996,1249,5,996,3247,0,5,997,3247,1249,5,1249,255,6,255,1248,1248,997,6,997,255,997,255,1249,0,997,3247,0,997,0,1248,3247,5,5,254,997,5,6,5,6,3247,6,5,6,5,6,3247,6,3247,6,3247,6,5,6,5,6
5,996,3247,997,1249,1248,255,1249,254,1249,6,254,255,3247,997,1249,5,997,255,5,5,1248,996,1249,997,6,997,0,254,5,6,3247,6,6,1248,996,1248,6,996,0,6,1248,254,255,254,255,254,255,3247,255,3247,255,254,255,254,255,254,255,254,255,254,255
1249,255,0,6,5,996,255,3247,255,1249,6,3247,255,255,1248,0,0,255,1249,1249,254,997,1249,255,6,996,1249,254,6,1248,3247,997,1248,997,255,3247,6,5,1248,0,0,997,5,6,5,6,5,6,5,6,5,6,5,6,5,6,5,254,5,6,5,6
3247,1248,5,997,3247,0,6,997,5,0,3247,0,254,1249,255,5,5,5,1249,997,0,5,254,255,1249,6,996,996,254,3247,254,5,1248,3247,997,997,6,5,3247,5,3247,1249,254,255,254,255,254,255,254,255,254,255,254,5,255,5,255,5,5,255,255,255
5,0,3247,1249,255,1249,3247,255,3247,1249,254,254,1248,0,5,1248,5,1248,1248,5,1249,1249,6,1249,6,254,5,5,6,1249,255,254,254,1248,255,6,0,255,1249,996,1248,1248,5,6,5,6,5,6,5,6,5,6,254,255,5,331,331,331,331,582,255,255
255,255,6,1249,5,997,254,0,996,996,997,254,996,13951,996,0,996,997,1249,997,0,254,0,1248,254,254,6,996,3247,254,0,1249,997,255,1248,1248,3247,997,997,1248,0,1249,254,255,254,255,254,255,254,255,254,254,6,331,331,331,331,331,331,331,331,582
997,3247,255,254,3247,1248,255,3247,255,6,5,5,255,5,13951,6,0,255,254,5,6,254,1249,1249,996,1249,3247,6,6,996,6,255,254,1249,3247,6,255,255,3247,0,5,6,5,6,5,6,5,6,5,255,6,331,331,331,331,331,331,331,331,331,331,331
996,1248,5,1249,1249,5,1248,997,254,6,0,5,996,1248,1249,13951,254,1249,996,1249,1248,254,1249,997,3247,255,255,1249,6,3247,6,3247,996,1249,5,997,0,996,997,5,3247,1248,254,255,254,255,254,255,255,6,331,331,331,331,331,331,331,331,331,331,331,331
1249,0,3247,5,997,255,3247,1249,6,1249,254,255,6,0,6,1248,0,5,996,1249,254,3247,1248,6,255,6,6,3247,996,997,254,255,6,997,254,3247,5,5,996,6,1249,1248,5,6,5,6,5,254,254,331,331,331,331,331,331,331,331,331,331,331,331,331
6,997,255,996,254,3247,997,997,0,254,997,6,996,1248,996,254,255,5,3247,1249,996,254,0,3247,1248,1249,1249,6,1248,6,3247,0,3247,255,997,996,255,3247,0,996,255,0,254,255,254,255,254,255,6,331,331,331,331,331,331,331,331,331,331,331,331,331
6,254,255,6,255,254,0,5,1248,1248,254,255,1249,1249,500,254,6,3247,1248,1248,3247,5,1249,255,0,3247,6,1248,0,0,5,0,5,997,0,997,255,5,5,0,996,5,5,6,5,6,330,5,331,331,331,331,331,331,331,331,331,331,331,331,331,331
0,3247,254,997,3247,255,996,6,0,5,0,996,997,255,1249,255,3247,0,5,254,996,1249,3247,6,6,1248,255,6,3247,997,254,5,254,6,3247,255,3247,1249,1248,3247,255,1248,254,255,254,255,330,331,331,331,331,331,331,331,331,331,331,331,331,331,331,331
